{"cameraMode":{"drawMode":0,"name":"Shaded","section":"Shading Mode"},"sceneLighting":false,"audioPlay":false,"sceneViewState":{"m_AlwaysRefresh":false,"showFog":false,"showSkybox":false,"showFlares":false,"showImageEffects":true,"showParticleSystems":true,"showVisualEffectGraphs":true,"m_FxEnabled":true},"in2DMode":false,"pivot":{"x":-0.000051536197133827955,"y":0.00019965656974818558,"z":0.9000257849693298},"rotation":{"x":-0.03147042915225029,"y":-0.9685342907905579,"z":0.1750536412000656,"w":-0.1741359680891037},"size":0.9246626496315002,"orthographic":false}