{"cameraMode":{"drawMode":0,"name":"Shaded","section":"Shading Mode"},"sceneLighting":false,"audioPlay":false,"sceneViewState":{"m_AlwaysRefresh":false,"showFog":false,"showSkybox":false,"showFlares":false,"showImageEffects":true,"showParticleSystems":true,"showVisualEffectGraphs":true,"m_FxEnabled":true},"in2DMode":false,"pivot":{"x":-0.0004201899282634258,"y":-1.042258381843567,"z":-0.015548761934041977},"rotation":{"x":-0.24360564351081849,"y":0.2117680013179779,"z":-0.05458131805062294,"w":-0.9449164271354675},"size":0.8660253882408142,"orthographic":false}