{"cameraMode":{"drawMode":0,"name":"Shaded","section":"Shading Mode"},"sceneLighting":true,"audioPlay":false,"sceneViewState":{"m_AlwaysRefresh":false,"showFog":false,"showSkybox":true,"showFlares":false,"showImageEffects":true,"showParticleSystems":true,"showVisualEffectGraphs":true,"m_FxEnabled":true},"in2DMode":false,"pivot":{"x":11.787535667419434,"y":1.419582724571228,"z":5.403666973114014},"rotation":{"x":0.1388026475906372,"y":0.08845600485801697,"z":-0.012438192032277584,"w":0.9863151907920837},"size":0.8660253882408142,"orthographic":false}