{"cameraMode":{"drawMode":0,"name":"Shaded","section":"Shading Mode"},"sceneLighting":true,"audioPlay":false,"sceneViewState":{"m_AlwaysRefresh":false,"showFog":false,"showSkybox":true,"showFlares":false,"showImageEffects":true,"showParticleSystems":true,"showVisualEffectGraphs":true,"m_FxEnabled":true},"in2DMode":false,"pivot":{"x":1.1083288192749024,"y":1.0246920585632325,"z":1.2130050659179688},"rotation":{"x":-0.13531707227230073,"y":-0.3066975474357605,"z":0.044116802513599399,"w":-0.9411264657974243},"size":7.256275177001953,"orthographic":false}