{"cameraMode":{"drawMode":0,"name":"Shaded","section":"Shading Mode"},"sceneLighting":true,"audioPlay":false,"sceneViewState":{"m_AlwaysRefresh":false,"showFog":false,"showSkybox":true,"showFlares":false,"showImageEffects":true,"showParticleSystems":true,"showVisualEffectGraphs":true,"m_FxEnabled":true},"in2DMode":false,"pivot":{"x":0.4997187852859497,"y":0.8405336737632752,"z":0.956499457359314},"rotation":{"x":-0.030806032940745355,"y":0.968510627746582,"z":0.15499597787857057,"w":0.19246795773506165},"size":1.2238595485687256,"orthographic":false}