{"cameraMode":{"drawMode":0,"name":"Shaded","section":"Shading Mode"},"sceneLighting":true,"audioPlay":false,"sceneViewState":{"m_AlwaysRefresh":false,"showFog":false,"showSkybox":true,"showFlares":false,"showImageEffects":true,"showParticleSystems":true,"showVisualEffectGraphs":true,"m_FxEnabled":true},"in2DMode":false,"pivot":{"x":0.3996744751930237,"y":0.0002778768539428711,"z":1.0999937057495118},"rotation":{"x":-0.13312678039073945,"y":0.5799028873443604,"z":-0.09673377126455307,"w":-0.7979149222373962},"size":0.8660253882408142,"orthographic":false}