{"cameraMode":{"drawMode":0,"name":"Shaded","section":"Shading Mode"},"sceneLighting":true,"audioPlay":false,"sceneViewState":{"m_AlwaysRefresh":false,"showFog":false,"showSkybox":true,"showFlares":false,"showImageEffects":true,"showParticleSystems":true,"showVisualEffectGraphs":true,"m_FxEnabled":true},"in2DMode":false,"pivot":{"x":2.8999621868133547,"y":0.7196937203407288,"z":-0.04861697554588318},"rotation":{"x":-0.11936341971158982,"y":-0.4615451395511627,"z":0.06285089999437332,"w":-0.8768232464790344},"size":25.982938766479493,"orthographic":false}