{"cameraMode":{"drawMode":0,"name":"Shaded","section":"Shading Mode"},"sceneLighting":true,"audioPlay":false,"sceneViewState":{"m_AlwaysRefresh":false,"showFog":false,"showSkybox":true,"showFlares":false,"showImageEffects":true,"showParticleSystems":true,"showVisualEffectGraphs":true,"m_FxEnabled":true},"in2DMode":false,"pivot":{"x":0.5249669551849365,"y":3.129595994949341,"z":6.404671669006348},"rotation":{"x":-0.010566512122750283,"y":0.7576243877410889,"z":0.012266162782907486,"w":0.6524996161460877},"size":1.7990473508834839,"orthographic":false}