{"cameraMode":{"drawMode":0,"name":"Shaded","section":"Shading Mode"},"sceneLighting":true,"audioPlay":false,"sceneViewState":{"m_AlwaysRefresh":false,"showFog":false,"showSkybox":true,"showFlares":false,"showImageEffects":true,"showParticleSystems":true,"showVisualEffectGraphs":true,"m_FxEnabled":true},"in2DMode":false,"pivot":{"x":0.4070335328578949,"y":2.186000108718872,"z":-0.000021416693925857544},"rotation":{"x":-0.211994469165802,"y":0.3839237689971924,"z":-0.09103193879127503,"w":-0.894080400466919},"size":2.8070926666259767,"orthographic":false}